steps,n_ep,ep_len,fall_rate,torso_roll_rms_deg,torso_roll_mean_deg,vx_cmd,torso_roll_rate_rms_dps,stride_L_m,stride_R_m,stride_asym,single_frac,hip_diff_rms_deg,hip_corr,r_track,r_progress,r_back,r_energy,r_swing,r_scrub,r_smooth,r_fall,vx,sigma_hipL,sigma_hipR,sigma_crankR,sigma_torso,sigma_crankL
250000,2009,124.0373,0.9706,21.9080,7.9304,0.1200,100.3452,0.0217,0.0238,-0.0353,0.6845,9.9670,0.2489,0.2497,0.0820,0.0000,-0.0038,0.0682,-0.1363,-0.0133,-0.1389,-0.0295,0.3668,0.3661,0.3681,0.3695,0.3646
500000,934,267.4690,0.7666,30.2066,8.6327,0.1200,103.8937,0.0212,0.0267,-0.1104,0.6905,9.7790,0.3841,0.3217,0.1077,0.0000,-0.0038,0.0629,-0.1181,-0.0139,-0.0718,0.0387,0.3663,0.3616,0.3717,0.3685,0.3655
750000,622,402.4534,0.3232,31.9518,11.0044,0.3200,79.6617,0.0149,0.0268,-0.2718,0.7282,8.3341,0.4238,0.2706,0.0707,0.0000,-0.0037,0.0586,-0.0929,-0.0139,-0.0333,0.0054,0.3504,0.3556,0.3660,0.3622,0.3676
1000000,745,335.2711,0.5879,34.6148,10.2733,0.3200,101.0230,0.0291,0.0569,-0.2961,0.7388,10.9084,0.3266,0.1642,0.1100,0.0000,-0.0045,0.0905,-0.1303,-0.0136,-0.0462,0.0168,0.3412,0.3536,0.3701,0.3550,0.3668
1250000,630,396.5603,0.3762,30.4608,6.4426,0.4200,106.9860,0.0353,0.0798,-0.3543,0.6692,11.5664,0.2980,0.1436,0.1238,0.0000,-0.0054,0.1149,-0.1484,-0.0135,-0.0321,0.0052,0.3327,0.3468,0.3755,0.3470,0.3625
1500000,735,339.6490,0.5728,31.5718,6.7968,0.4200,160.4962,0.0579,0.1327,-0.3649,0.6053,14.7096,0.3935,0.1310,0.1805,0.0000,-0.0077,0.1518,-0.1883,-0.0145,-0.0470,0.0315,0.3233,0.3413,0.3732,0.3491,0.3624
1750000,698,359.4943,0.5287,33.8429,9.7068,0.4200,151.7987,0.0645,0.1390,-0.3311,0.5675,14.7414,0.2674,0.1389,0.1820,0.0000,-0.0077,0.1472,-0.1725,-0.0153,-0.0376,0.0307,0.3164,0.3339,0.3788,0.3425,0.3667
2000000,706,353.6317,0.5538,34.6038,8.9062,0.4200,168.5381,0.0723,0.1617,-0.3493,0.5399,16.5770,0.2005,0.1329,0.1861,0.0000,-0.0086,0.1542,-0.1736,-0.0146,-0.0364,0.0193,0.3106,0.3305,0.3770,0.3406,0.3674
2250000,733,340.9836,0.6057,35.0492,11.1272,0.4200,151.2437,0.0794,0.1501,-0.2751,0.5364,16.8768,0.0505,0.1401,0.1929,0.0000,-0.0078,0.1467,-0.1642,-0.0140,-0.0407,0.0359,0.3104,0.3256,0.3773,0.3416,0.3717
2500000,664,376.2666,0.5000,31.4905,7.4551,0.4200,148.1468,0.1022,0.1490,-0.1745,0.5074,17.7290,0.1123,0.1361,0.2014,0.0000,-0.0086,0.1583,-0.1666,-0.0128,-0.0315,0.0279,0.3086,0.3255,0.3776,0.3446,0.3757
2750000,609,411.0082,0.3793,31.0952,6.4935,0.4200,131.0058,0.1151,0.1310,-0.0545,0.4848,16.9684,0.1625,0.1422,0.1992,0.0000,-0.0089,0.1524,-0.1601,-0.0132,-0.0232,0.0299,0.3107,0.3274,0.3794,0.3458,0.3818
3000000,632,395.2627,0.4399,32.5813,7.2601,0.4700,130.9645,0.1290,0.1378,-0.0247,0.4777,16.6960,0.1430,0.1467,0.2300,0.0000,-0.0083,0.1533,-0.1681,-0.0137,-0.0240,0.0706,0.3112,0.3274,0.3839,0.3444,0.3879
3250000,658,380.2462,0.4802,32.6334,3.2156,0.4700,147.9127,0.1472,0.1425,0.0200,0.4700,19.3301,-0.0362,0.1453,0.2512,0.0000,-0.0091,0.1612,-0.1690,-0.0145,-0.0268,0.0942,0.3083,0.3233,0.3842,0.3430,0.3882
3500000,617,404.2091,0.4068,30.1245,3.9482,0.4700,140.1095,0.1480,0.1522,-0.0116,0.4583,19.2957,0.0261,0.1359,0.2340,0.0000,-0.0097,0.1644,-0.1662,-0.0154,-0.0261,0.0668,0.3095,0.3201,0.3853,0.3418,0.3914
3750000,541,462.9741,0.1627,28.5906,-0.2784,0.4700,121.6271,0.1406,0.1319,0.0355,0.4520,16.8839,0.1057,0.1426,0.2217,0.0000,-0.0099,0.1607,-0.1527,-0.0170,-0.0132,0.0656,0.3041,0.3211,0.3816,0.3464,0.3911
4000000,560,446.2554,0.2268,30.9669,-1.7593,0.4700,129.7005,0.1522,0.1352,0.0644,0.4668,15.7251,-0.0102,0.1669,0.2567,0.0000,-0.0089,0.1638,-0.1527,-0.0168,-0.0158,0.1175,0.3002,0.3247,0.3839,0.3499,0.4000
4250000,589,425.2496,0.3141,30.0201,8.5784,0.4700,122.0904,0.1527,0.1496,0.0175,0.4479,14.9005,0.0555,0.1697,0.2529,0.0000,-0.0090,0.1601,-0.1499,-0.0176,-0.0197,0.1218,0.2978,0.3201,0.3856,0.3529,0.4032
4500000,570,438.1561,0.2860,28.3924,2.5843,0.4700,120.6148,0.1573,0.1413,0.0564,0.4367,15.0136,0.1085,0.1675,0.2635,0.0000,-0.0094,0.1620,-0.1520,-0.0177,-0.0141,0.1328,0.2992,0.3190,0.3873,0.3516,0.4065
4750000,553,451.7396,0.1953,29.6588,-1.7264,0.4700,124.3388,0.1489,0.1343,0.0538,0.4356,13.9391,0.1913,0.1750,0.2698,0.0000,-0.0094,0.1653,-0.1508,-0.0193,-0.0112,0.1433,0.2938,0.3132,0.3864,0.3563,0.4032
5000000,575,434.1530,0.2730,30.8707,3.8453,0.4700,128.6113,0.1725,0.1531,0.0689,0.4346,15.2553,0.1574,0.1843,0.3140,0.0000,-0.0099,0.1754,-0.1640,-0.0195,-0.0195,0.1909,0.2905,0.3064,0.3879,0.3569,0.3982
5250000,571,437.2872,0.2504,29.5359,6.3210,0.4700,127.9740,0.1788,0.1591,0.0635,0.4428,16.0970,0.1833,0.1826,0.3202,0.0000,-0.0100,0.1794,-0.1656,-0.0183,-0.0148,0.1962,0.2915,0.3039,0.3854,0.3608,0.4052
5500000,574,436.1707,0.2822,29.0913,-4.6945,0.4700,127.5792,0.1829,0.1507,0.1012,0.4407,16.8031,0.0910,0.1681,0.2989,0.0000,-0.0097,0.1711,-0.1647,-0.0180,-0.0167,0.1606,0.2884,0.3040,0.3815,0.3616,0.4064
5750000,570,439.5579,0.3000,31.1175,-1.8416,0.4700,129.2242,0.1944,0.1551,0.1169,0.4329,16.5365,0.1841,0.1707,0.3232,0.0000,-0.0104,0.1806,-0.1713,-0.0167,-0.0141,0.1950,0.2863,0.3038,0.3845,0.3665,0.4158
6000000,536,466.0989,0.1287,28.3322,-0.3975,0.4700,119.6886,0.1702,0.1503,0.0618,0.4192,15.5384,0.3249,0.1725,0.2817,0.0000,-0.0113,0.1754,-0.1558,-0.0176,-0.0107,0.1545,0.2811,0.3021,0.3897,0.3689,0.4171
